Index,GPA,SAT,Strategy
4.3:710,4.3,710,4
4.2:710,4.2,710,4
4.1:710,4.1,710,4
4.0:710,4,710,5
3.9:710,3.9,710,5
3.8:710,3.8,710,5
3.7:710,3.7,710,5
3.6:710,3.6,710,7
3.5:710,3.5,710,7
3.4:710,3.4,710,7
3.3:710,3.3,710,7
3.2:710,3.2,710,8
3.1:710,3.1,710,8
3.0:710,3,710,9
2.9:710,2.9,710,9
2.8:710,2.8,710,11
2.7:710,2.7,710,11
2.6:710,2.6,710,11
2.5:710,2.5,710,11
2.4:710,2.4,710,11
2.3:710,2.3,710,11
2.2:710,2.2,710,11
2.1:710,2.1,710,11
2.0:710,2,710,11
1.9:710,1.9,710,11
1.8:710,1.8,710,11
1.7:710,1.7,710,11
1.6:710,1.6,710,11
1.5:710,1.5,710,11
4.3:720,4.3,720,4
4.2:720,4.2,720,4
4.1:720,4.1,720,4
4.0:720,4,720,5
3.9:720,3.9,720,5
3.8:720,3.8,720,5
3.7:720,3.7,720,5
3.6:720,3.6,720,7
3.5:720,3.5,720,7
3.4:720,3.4,720,7
3.3:720,3.3,720,7
3.2:720,3.2,720,8
3.1:720,3.1,720,8
3.0:720,3,720,9
2.9:720,2.9,720,9
2.8:720,2.8,720,11
2.7:720,2.7,720,11
2.6:720,2.6,720,11
2.5:720,2.5,720,11
2.4:720,2.4,720,11
2.3:720,2.3,720,11
2.2:720,2.2,720,11
2.1:720,2.1,720,11
2.0:720,2,720,11
1.9:720,1.9,720,11
1.8:720,1.8,720,11
1.7:720,1.7,720,11
1.6:720,1.6,720,11
1.5:720,1.5,720,11
4.3:730,4.3,730,4
4.2:730,4.2,730,4
4.1:730,4.1,730,4
4.0:730,4,730,4
3.9:730,3.9,730,5
3.8:730,3.8,730,5
3.7:730,3.7,730,5
3.6:730,3.6,730,5
3.5:730,3.5,730,7
3.4:730,3.4,730,7
3.3:730,3.3,730,7
3.2:730,3.2,730,7
3.1:730,3.1,730,8
3.0:730,3,730,8
2.9:730,2.9,730,9
2.8:730,2.8,730,9
2.7:730,2.7,730,9
2.6:730,2.6,730,9
2.5:730,2.5,730,11
2.4:730,2.4,730,11
2.3:730,2.3,730,11
2.2:730,2.2,730,11
2.1:730,2.1,730,11
2.0:730,2,730,11
1.9:730,1.9,730,11
1.8:730,1.8,730,11
1.7:730,1.7,730,11
1.6:730,1.6,730,11
1.5:730,1.5,730,11
4.3:740,4.3,740,4
4.2:740,4.2,740,4
4.1:740,4.1,740,4
4.0:740,4,740,4
3.9:740,3.9,740,5
3.8:740,3.8,740,5
3.7:740,3.7,740,5
3.6:740,3.6,740,5
3.5:740,3.5,740,7
3.4:740,3.4,740,7
3.3:740,3.3,740,7
3.2:740,3.2,740,7
3.1:740,3.1,740,8
3.0:740,3,740,8
2.9:740,2.9,740,9
2.8:740,2.8,740,9
2.7:740,2.7,740,9
2.6:740,2.6,740,9
2.5:740,2.5,740,11
2.4:740,2.4,740,11
2.3:740,2.3,740,11
2.2:740,2.2,740,11
2.1:740,2.1,740,11
2.0:740,2,740,11
1.9:740,1.9,740,11
1.8:740,1.8,740,11
1.7:740,1.7,740,11
1.6:740,1.6,740,11
1.5:740,1.5,740,11
4.3:750,4.3,750,4
4.2:750,4.2,750,4
4.1:750,4.1,750,4
4.0:750,4,750,4
3.9:750,3.9,750,5
3.8:750,3.8,750,5
3.7:750,3.7,750,5
3.6:750,3.6,750,5
3.5:750,3.5,750,7
3.4:750,3.4,750,7
3.3:750,3.3,750,7
3.2:750,3.2,750,7
3.1:750,3.1,750,8
3.0:750,3,750,8
2.9:750,2.9,750,9
2.8:750,2.8,750,9
2.7:750,2.7,750,9
2.6:750,2.6,750,9
2.5:750,2.5,750,11
2.4:750,2.4,750,11
2.3:750,2.3,750,11
2.2:750,2.2,750,11
2.1:750,2.1,750,11
2.0:750,2,750,11
1.9:750,1.9,750,11
1.8:750,1.8,750,11
1.7:750,1.7,750,11
1.6:750,1.6,750,11
1.5:750,1.5,750,11
4.3:760,4.3,760,4
4.2:760,4.2,760,4
4.1:760,4.1,760,4
4.0:760,4,760,4
3.9:760,3.9,760,5
3.8:760,3.8,760,5
3.7:760,3.7,760,5
3.6:760,3.6,760,5
3.5:760,3.5,760,7
3.4:760,3.4,760,7
3.3:760,3.3,760,7
3.2:760,3.2,760,7
3.1:760,3.1,760,8
3.0:760,3,760,8
2.9:760,2.9,760,9
2.8:760,2.8,760,9
2.7:760,2.7,760,9
2.6:760,2.6,760,9
2.5:760,2.5,760,11
2.4:760,2.4,760,11
2.3:760,2.3,760,11
2.2:760,2.2,760,11
2.1:760,2.1,760,11
2.0:760,2,760,11
1.9:760,1.9,760,11
1.8:760,1.8,760,11
1.7:760,1.7,760,11
1.6:760,1.6,760,11
1.5:760,1.5,760,11
4.3:770,4.3,770,4
4.2:770,4.2,770,4
4.1:770,4.1,770,4
4.0:770,4,770,4
3.9:770,3.9,770,5
3.8:770,3.8,770,5
3.7:770,3.7,770,5
3.6:770,3.6,770,5
3.5:770,3.5,770,7
3.4:770,3.4,770,7
3.3:770,3.3,770,7
3.2:770,3.2,770,7
3.1:770,3.1,770,8
3.0:770,3,770,8
2.9:770,2.9,770,9
2.8:770,2.8,770,9
2.7:770,2.7,770,9
2.6:770,2.6,770,9
2.5:770,2.5,770,11
2.4:770,2.4,770,11
2.3:770,2.3,770,11
2.2:770,2.2,770,11
2.1:770,2.1,770,11
2.0:770,2,770,11
1.9:770,1.9,770,11
1.8:770,1.8,770,11
1.7:770,1.7,770,11
1.6:770,1.6,770,11
1.5:770,1.5,770,11
4.3:780,4.3,780,4
4.2:780,4.2,780,4
4.1:780,4.1,780,4
4.0:780,4,780,4
3.9:780,3.9,780,5
3.8:780,3.8,780,5
3.7:780,3.7,780,5
3.6:780,3.6,780,5
3.5:780,3.5,780,5
3.4:780,3.4,780,7
3.3:780,3.3,780,7
3.2:780,3.2,780,7
3.1:780,3.1,780,7
3.0:780,3,780,8
2.9:780,2.9,780,8
2.8:780,2.8,780,8
2.7:780,2.7,780,9
2.6:780,2.6,780,9
2.5:780,2.5,780,9
2.4:780,2.4,780,9
2.3:780,2.3,780,11
2.2:780,2.2,780,11
2.1:780,2.1,780,11
2.0:780,2,780,11
1.9:780,1.9,780,11
1.8:780,1.8,780,11
1.7:780,1.7,780,11
1.6:780,1.6,780,11
1.5:780,1.5,780,11
4.3:790,4.3,790,4
4.2:790,4.2,790,4
4.1:790,4.1,790,4
4.0:790,4,790,4
3.9:790,3.9,790,5
3.8:790,3.8,790,5
3.7:790,3.7,790,5
3.6:790,3.6,790,5
3.5:790,3.5,790,5
3.4:790,3.4,790,7
3.3:790,3.3,790,7
3.2:790,3.2,790,7
3.1:790,3.1,790,7
3.0:790,3,790,8
2.9:790,2.9,790,8
2.8:790,2.8,790,8
2.7:790,2.7,790,9
2.6:790,2.6,790,9
2.5:790,2.5,790,9
2.4:790,2.4,790,9
2.3:790,2.3,790,11
2.2:790,2.2,790,11
2.1:790,2.1,790,11
2.0:790,2,790,11
1.9:790,1.9,790,11
1.8:790,1.8,790,11
1.7:790,1.7,790,11
1.6:790,1.6,790,11
1.5:790,1.5,790,11
4.3:800,4.3,800,4
4.2:800,4.2,800,4
4.1:800,4.1,800,4
4.0:800,4,800,4
3.9:800,3.9,800,5
3.8:800,3.8,800,5
3.7:800,3.7,800,5
3.6:800,3.6,800,5
3.5:800,3.5,800,5
3.4:800,3.4,800,7
3.3:800,3.3,800,7
3.2:800,3.2,800,7
3.1:800,3.1,800,7
3.0:800,3,800,8
2.9:800,2.9,800,8
2.8:800,2.8,800,8
2.7:800,2.7,800,9
2.6:800,2.6,800,9
2.5:800,2.5,800,9
2.4:800,2.4,800,9
2.3:800,2.3,800,11
2.2:800,2.2,800,11
2.1:800,2.1,800,11
2.0:800,2,800,11
1.9:800,1.9,800,11
1.8:800,1.8,800,11
1.7:800,1.7,800,11
1.6:800,1.6,800,11
1.5:800,1.5,800,11
4.3:810,4.3,810,4
4.2:810,4.2,810,4
4.1:810,4.1,810,4
4.0:810,4,810,4
3.9:810,3.9,810,5
3.8:810,3.8,810,5
3.7:810,3.7,810,5
3.6:810,3.6,810,5
3.5:810,3.5,810,5
3.4:810,3.4,810,7
3.3:810,3.3,810,7
3.2:810,3.2,810,7
3.1:810,3.1,810,7
3.0:810,3,810,8
2.9:810,2.9,810,8
2.8:810,2.8,810,8
2.7:810,2.7,810,9
2.6:810,2.6,810,9
2.5:810,2.5,810,9
2.4:810,2.4,810,9
2.3:810,2.3,810,11
2.2:810,2.2,810,11
2.1:810,2.1,810,11
2.0:810,2,810,11
1.9:810,1.9,810,11
1.8:810,1.8,810,11
1.7:810,1.7,810,11
1.6:810,1.6,810,11
1.5:810,1.5,810,11
4.3:820,4.3,820,4
4.2:820,4.2,820,4
4.1:820,4.1,820,4
4.0:820,4,820,4
3.9:820,3.9,820,5
3.8:820,3.8,820,5
3.7:820,3.7,820,5
3.6:820,3.6,820,5
3.5:820,3.5,820,5
3.4:820,3.4,820,7
3.3:820,3.3,820,7
3.2:820,3.2,820,7
3.1:820,3.1,820,7
3.0:820,3,820,8
2.9:820,2.9,820,8
2.8:820,2.8,820,8
2.7:820,2.7,820,9
2.6:820,2.6,820,9
2.5:820,2.5,820,9
2.4:820,2.4,820,9
2.3:820,2.3,820,11
2.2:820,2.2,820,11
2.1:820,2.1,820,11
2.0:820,2,820,11
1.9:820,1.9,820,11
1.8:820,1.8,820,11
1.7:820,1.7,820,11
1.6:820,1.6,820,11
1.5:820,1.5,820,11
4.3:830,4.3,830,4
4.2:830,4.2,830,4
4.1:830,4.1,830,4
4.0:830,4,830,4
3.9:830,3.9,830,4
3.8:830,3.8,830,5
3.7:830,3.7,830,5
3.6:830,3.6,830,5
3.5:830,3.5,830,5
3.4:830,3.4,830,5
3.3:830,3.3,830,7
3.2:830,3.2,830,7
3.1:830,3.1,830,7
3.0:830,3,830,7
2.9:830,2.9,830,8
2.8:830,2.8,830,8
2.7:830,2.7,830,8
2.6:830,2.6,830,9
2.5:830,2.5,830,9
2.4:830,2.4,830,9
2.3:830,2.3,830,9
2.2:830,2.2,830,10
2.1:830,2.1,830,10
2.0:830,2,830,11
1.9:830,1.9,830,11
1.8:830,1.8,830,11
1.7:830,1.7,830,11
1.6:830,1.6,830,11
1.5:830,1.5,830,11
4.3:840,4.3,840,4
4.2:840,4.2,840,4
4.1:840,4.1,840,4
4.0:840,4,840,4
3.9:840,3.9,840,4
3.8:840,3.8,840,5
3.7:840,3.7,840,5
3.6:840,3.6,840,5
3.5:840,3.5,840,5
3.4:840,3.4,840,5
3.3:840,3.3,840,7
3.2:840,3.2,840,7
3.1:840,3.1,840,7
3.0:840,3,840,7
2.9:840,2.9,840,8
2.8:840,2.8,840,8
2.7:840,2.7,840,8
2.6:840,2.6,840,9
2.5:840,2.5,840,9
2.4:840,2.4,840,9
2.3:840,2.3,840,9
2.2:840,2.2,840,10
2.1:840,2.1,840,10
2.0:840,2,840,11
1.9:840,1.9,840,11
1.8:840,1.8,840,11
1.7:840,1.7,840,11
1.6:840,1.6,840,11
1.5:840,1.5,840,11
4.3:850,4.3,850,4
4.2:850,4.2,850,4
4.1:850,4.1,850,4
4.0:850,4,850,4
3.9:850,3.9,850,4
3.8:850,3.8,850,5
3.7:850,3.7,850,5
3.6:850,3.6,850,5
3.5:850,3.5,850,5
3.4:850,3.4,850,5
3.3:850,3.3,850,7
3.2:850,3.2,850,7
3.1:850,3.1,850,7
3.0:850,3,850,7
2.9:850,2.9,850,8
2.8:850,2.8,850,8
2.7:850,2.7,850,8
2.6:850,2.6,850,9
2.5:850,2.5,850,9
2.4:850,2.4,850,9
2.3:850,2.3,850,9
2.2:850,2.2,850,10
2.1:850,2.1,850,10
2.0:850,2,850,11
1.9:850,1.9,850,11
1.8:850,1.8,850,11
1.7:850,1.7,850,11
1.6:850,1.6,850,11
1.5:850,1.5,850,11
4.3:860,4.3,860,4
4.2:860,4.2,860,4
4.1:860,4.1,860,4
4.0:860,4,860,4
3.9:860,3.9,860,4
3.8:860,3.8,860,5
3.7:860,3.7,860,5
3.6:860,3.6,860,5
3.5:860,3.5,860,5
3.4:860,3.4,860,5
3.3:860,3.3,860,7
3.2:860,3.2,860,7
3.1:860,3.1,860,7
3.0:860,3,860,7
2.9:860,2.9,860,8
2.8:860,2.8,860,8
2.7:860,2.7,860,8
2.6:860,2.6,860,9
2.5:860,2.5,860,9
2.4:860,2.4,860,9
2.3:860,2.3,860,9
2.2:860,2.2,860,10
2.1:860,2.1,860,10
2.0:860,2,860,11
1.9:860,1.9,860,11
1.8:860,1.8,860,11
1.7:860,1.7,860,11
1.6:860,1.6,860,11
1.5:860,1.5,860,11
4.3:870,4.3,870,4
4.2:870,4.2,870,4
4.1:870,4.1,870,4
4.0:870,4,870,4
3.9:870,3.9,870,4
3.8:870,3.8,870,5
3.7:870,3.7,870,5
3.6:870,3.6,870,5
3.5:870,3.5,870,5
3.4:870,3.4,870,5
3.3:870,3.3,870,7
3.2:870,3.2,870,7
3.1:870,3.1,870,7
3.0:870,3,870,7
2.9:870,2.9,870,8
2.8:870,2.8,870,8
2.7:870,2.7,870,8
2.6:870,2.6,870,9
2.5:870,2.5,870,9
2.4:870,2.4,870,9
2.3:870,2.3,870,9
2.2:870,2.2,870,10
2.1:870,2.1,870,10
2.0:870,2,870,11
1.9:870,1.9,870,11
1.8:870,1.8,870,11
1.7:870,1.7,870,11
1.6:870,1.6,870,11
1.5:870,1.5,870,11
4.3:880,4.3,880,4
4.2:880,4.2,880,4
4.1:880,4.1,880,4
4.0:880,4,880,4
3.9:880,3.9,880,4
3.8:880,3.8,880,4
3.7:880,3.7,880,5
3.6:880,3.6,880,5
3.5:880,3.5,880,5
3.4:880,3.4,880,5
3.3:880,3.3,880,5
3.2:880,3.2,880,6
3.1:880,3.1,880,7
3.0:880,3,880,7
2.9:880,2.9,880,7
2.8:880,2.8,880,8
2.7:880,2.7,880,8
2.6:880,2.6,880,8
2.5:880,2.5,880,9
2.4:880,2.4,880,9
2.3:880,2.3,880,9
2.2:880,2.2,880,9
2.1:880,2.1,880,10
2.0:880,2,880,10
1.9:880,1.9,880,10
1.8:880,1.8,880,10
1.7:880,1.7,880,11
1.6:880,1.6,880,11
1.5:880,1.5,880,11
4.3:890,4.3,890,4
4.2:890,4.2,890,4
4.1:890,4.1,890,4
4.0:890,4,890,4
3.9:890,3.9,890,4
3.8:890,3.8,890,4
3.7:890,3.7,890,5
3.6:890,3.6,890,5
3.5:890,3.5,890,5
3.4:890,3.4,890,5
3.3:890,3.3,890,5
3.2:890,3.2,890,6
3.1:890,3.1,890,7
3.0:890,3,890,7
2.9:890,2.9,890,7
2.8:890,2.8,890,8
2.7:890,2.7,890,8
2.6:890,2.6,890,8
2.5:890,2.5,890,9
2.4:890,2.4,890,9
2.3:890,2.3,890,9
2.2:890,2.2,890,9
2.1:890,2.1,890,10
2.0:890,2,890,10
1.9:890,1.9,890,10
1.8:890,1.8,890,10
1.7:890,1.7,890,11
1.6:890,1.6,890,11
1.5:890,1.5,890,11
4.3:900,4.3,900,4
4.2:900,4.2,900,4
4.1:900,4.1,900,4
4.0:900,4,900,4
3.9:900,3.9,900,4
3.8:900,3.8,900,4
3.7:900,3.7,900,5
3.6:900,3.6,900,5
3.5:900,3.5,900,5
3.4:900,3.4,900,5
3.3:900,3.3,900,5
3.2:900,3.2,900,6
3.1:900,3.1,900,7
3.0:900,3,900,7
2.9:900,2.9,900,7
2.8:900,2.8,900,8
2.7:900,2.7,900,8
2.6:900,2.6,900,8
2.5:900,2.5,900,9
2.4:900,2.4,900,9
2.3:900,2.3,900,9
2.2:900,2.2,900,9
2.1:900,2.1,900,10
2.0:900,2,900,10
1.9:900,1.9,900,10
1.8:900,1.8,900,10
1.7:900,1.7,900,11
1.6:900,1.6,900,11
1.5:900,1.5,900,11
4.3:910,4.3,910,4
4.2:910,4.2,910,4
4.1:910,4.1,910,4
4.0:910,4,910,4
3.9:910,3.9,910,4
3.8:910,3.8,910,4
3.7:910,3.7,910,5
3.6:910,3.6,910,5
3.5:910,3.5,910,5
3.4:910,3.4,910,5
3.3:910,3.3,910,5
3.2:910,3.2,910,6
3.1:910,3.1,910,7
3.0:910,3,910,7
2.9:910,2.9,910,7
2.8:910,2.8,910,8
2.7:910,2.7,910,8
2.6:910,2.6,910,8
2.5:910,2.5,910,9
2.4:910,2.4,910,9
2.3:910,2.3,910,9
2.2:910,2.2,910,9
2.1:910,2.1,910,10
2.0:910,2,910,10
1.9:910,1.9,910,10
1.8:910,1.8,910,10
1.7:910,1.7,910,11
1.6:910,1.6,910,11
1.5:910,1.5,910,11
4.3:920,4.3,920,4
4.2:920,4.2,920,4
4.1:920,4.1,920,4
4.0:920,4,920,4
3.9:920,3.9,920,4
3.8:920,3.8,920,4
3.7:920,3.7,920,4
3.6:920,3.6,920,5
3.5:920,3.5,920,5
3.4:920,3.4,920,5
3.3:920,3.3,920,5
3.2:920,3.2,920,6
3.1:920,3.1,920,6
3.0:920,3,920,7
2.9:920,2.9,920,7
2.8:920,2.8,920,7
2.7:920,2.7,920,7
2.6:920,2.6,920,8
2.5:920,2.5,920,8
2.4:920,2.4,920,8
2.3:920,2.3,920,9
2.2:920,2.2,920,9
2.1:920,2.1,920,9
2.0:920,2,920,9
1.9:920,1.9,920,10
1.8:920,1.8,920,10
1.7:920,1.7,920,10
1.6:920,1.6,920,10
1.5:920,1.5,920,11
4.3:930,4.3,930,4
4.2:930,4.2,930,4
4.1:930,4.1,930,4
4.0:930,4,930,4
3.9:930,3.9,930,4
3.8:930,3.8,930,4
3.7:930,3.7,930,4
3.6:930,3.6,930,5
3.5:930,3.5,930,5
3.4:930,3.4,930,5
3.3:930,3.3,930,5
3.2:930,3.2,930,6
3.1:930,3.1,930,6
3.0:930,3,930,7
2.9:930,2.9,930,7
2.8:930,2.8,930,7
2.7:930,2.7,930,7
2.6:930,2.6,930,8
2.5:930,2.5,930,8
2.4:930,2.4,930,8
2.3:930,2.3,930,9
2.2:930,2.2,930,9
2.1:930,2.1,930,9
2.0:930,2,930,9
1.9:930,1.9,930,10
1.8:930,1.8,930,10
1.7:930,1.7,930,10
1.6:930,1.6,930,10
1.5:930,1.5,930,11
4.3:940,4.3,940,4
4.2:940,4.2,940,4
4.1:940,4.1,940,4
4.0:940,4,940,4
3.9:940,3.9,940,4
3.8:940,3.8,940,4
3.7:940,3.7,940,4
3.6:940,3.6,940,5
3.5:940,3.5,940,5
3.4:940,3.4,940,5
3.3:940,3.3,940,5
3.2:940,3.2,940,6
3.1:940,3.1,940,6
3.0:940,3,940,7
2.9:940,2.9,940,7
2.8:940,2.8,940,7
2.7:940,2.7,940,7
2.6:940,2.6,940,8
2.5:940,2.5,940,8
2.4:940,2.4,940,8
2.3:940,2.3,940,9
2.2:940,2.2,940,9
2.1:940,2.1,940,9
2.0:940,2,940,9
1.9:940,1.9,940,10
1.8:940,1.8,940,10
1.7:940,1.7,940,10
1.6:940,1.6,940,10
1.5:940,1.5,940,11
4.3:950,4.3,950,4
4.2:950,4.2,950,4
4.1:950,4.1,950,4
4.0:950,4,950,4
3.9:950,3.9,950,4
3.8:950,3.8,950,4
3.7:950,3.7,950,4
3.6:950,3.6,950,5
3.5:950,3.5,950,5
3.4:950,3.4,950,5
3.3:950,3.3,950,5
3.2:950,3.2,950,6
3.1:950,3.1,950,6
3.0:950,3,950,7
2.9:950,2.9,950,7
2.8:950,2.8,950,7
2.7:950,2.7,950,7
2.6:950,2.6,950,8
2.5:950,2.5,950,8
2.4:950,2.4,950,8
2.3:950,2.3,950,9
2.2:950,2.2,950,9
2.1:950,2.1,950,9
2.0:950,2,950,9
1.9:950,1.9,950,10
1.8:950,1.8,950,10
1.7:950,1.7,950,10
1.6:950,1.6,950,10
1.5:950,1.5,950,11
4.3:960,4.3,960,3
4.2:960,4.2,960,3
4.1:960,4.1,960,3
4.0:960,4,960,4
3.9:960,3.9,960,4
3.8:960,3.8,960,4
3.7:960,3.7,960,4
3.6:960,3.6,960,4
3.5:960,3.5,960,5
3.4:960,3.4,960,5
3.3:960,3.3,960,5
3.2:960,3.2,960,5
3.1:960,3.1,960,6
3.0:960,3,960,6
2.9:960,2.9,960,7
2.8:960,2.8,960,7
2.7:960,2.7,960,7
2.6:960,2.6,960,7
2.5:960,2.5,960,8
2.4:960,2.4,960,8
2.3:960,2.3,960,8
2.2:960,2.2,960,9
2.1:960,2.1,960,9
2.0:960,2,960,9
1.9:960,1.9,960,9
1.8:960,1.8,960,10
1.7:960,1.7,960,10
1.6:960,1.6,960,10
1.5:960,1.5,960,10
4.3:970,4.3,970,3
4.2:970,4.2,970,3
4.1:970,4.1,970,3
4.0:970,4,970,4
3.9:970,3.9,970,4
3.8:970,3.8,970,4
3.7:970,3.7,970,4
3.6:970,3.6,970,4
3.5:970,3.5,970,5
3.4:970,3.4,970,5
3.3:970,3.3,970,5
3.2:970,3.2,970,5
3.1:970,3.1,970,6
3.0:970,3,970,6
2.9:970,2.9,970,7
2.8:970,2.8,970,7
2.7:970,2.7,970,7
2.6:970,2.6,970,7
2.5:970,2.5,970,8
2.4:970,2.4,970,8
2.3:970,2.3,970,8
2.2:970,2.2,970,9
2.1:970,2.1,970,9
2.0:970,2,970,9
1.9:970,1.9,970,9
1.8:970,1.8,970,10
1.7:970,1.7,970,10
1.6:970,1.6,970,10
1.5:970,1.5,970,10
4.3:980,4.3,980,3
4.2:980,4.2,980,3
4.1:980,4.1,980,3
4.0:980,4,980,4
3.9:980,3.9,980,4
3.8:980,3.8,980,4
3.7:980,3.7,980,4
3.6:980,3.6,980,4
3.5:980,3.5,980,5
3.4:980,3.4,980,5
3.3:980,3.3,980,5
3.2:980,3.2,980,5
3.1:980,3.1,980,6
3.0:980,3,980,6
2.9:980,2.9,980,7
2.8:980,2.8,980,7
2.7:980,2.7,980,7
2.6:980,2.6,980,7
2.5:980,2.5,980,8
2.4:980,2.4,980,8
2.3:980,2.3,980,8
2.2:980,2.2,980,9
2.1:980,2.1,980,9
2.0:980,2,980,9
1.9:980,1.9,980,9
1.8:980,1.8,980,10
1.7:980,1.7,980,10
1.6:980,1.6,980,10
1.5:980,1.5,980,10
4.3:990,4.3,990,3
4.2:990,4.2,990,3
4.1:990,4.1,990,3
4.0:990,4,990,3
3.9:990,3.9,990,3
3.8:990,3.8,990,4
3.7:990,3.7,990,4
3.6:990,3.6,990,4
3.5:990,3.5,990,4
3.4:990,3.4,990,5
3.3:990,3.3,990,5
3.2:990,3.2,990,5
3.1:990,3.1,990,5
3.0:990,3,990,6
2.9:990,2.9,990,6
2.8:990,2.8,990,7
2.7:990,2.7,990,7
2.6:990,2.6,990,7
2.5:990,2.5,990,7
2.4:990,2.4,990,8
2.3:990,2.3,990,8
2.2:990,2.2,990,8
2.1:990,2.1,990,8
2.0:990,2,990,9
1.9:990,1.9,990,9
1.8:990,1.8,990,9
1.7:990,1.7,990,10
1.6:990,1.6,990,10
1.5:990,1.5,990,10
4.3:1000,4.3,1000,3
4.2:1000,4.2,1000,3
4.1:1000,4.1,1000,3
4.0:1000,4,1000,3
3.9:1000,3.9,1000,3
3.8:1000,3.8,1000,4
3.7:1000,3.7,1000,4
3.6:1000,3.6,1000,4
3.5:1000,3.5,1000,4
3.4:1000,3.4,1000,5
3.3:1000,3.3,1000,5
3.2:1000,3.2,1000,5
3.1:1000,3.1,1000,5
3.0:1000,3,1000,6
2.9:1000,2.9,1000,6
2.8:1000,2.8,1000,7
2.7:1000,2.7,1000,7
2.6:1000,2.6,1000,7
2.5:1000,2.5,1000,7
2.4:1000,2.4,1000,8
2.3:1000,2.3,1000,8
2.2:1000,2.2,1000,8
2.1:1000,2.1,1000,8
2.0:1000,2,1000,9
1.9:1000,1.9,1000,9
1.8:1000,1.8,1000,9
1.7:1000,1.7,1000,10
1.6:1000,1.6,1000,10
1.5:1000,1.5,1000,10
4.3:1010,4.3,1010,3
4.2:1010,4.2,1010,3
4.1:1010,4.1,1010,3
4.0:1010,4,1010,3
3.9:1010,3.9,1010,3
3.8:1010,3.8,1010,4
3.7:1010,3.7,1010,4
3.6:1010,3.6,1010,4
3.5:1010,3.5,1010,4
3.4:1010,3.4,1010,5
3.3:1010,3.3,1010,5
3.2:1010,3.2,1010,5
3.1:1010,3.1,1010,5
3.0:1010,3,1010,6
2.9:1010,2.9,1010,6
2.8:1010,2.8,1010,7
2.7:1010,2.7,1010,7
2.6:1010,2.6,1010,7
2.5:1010,2.5,1010,7
2.4:1010,2.4,1010,8
2.3:1010,2.3,1010,8
2.2:1010,2.2,1010,8
2.1:1010,2.1,1010,8
2.0:1010,2,1010,9
1.9:1010,1.9,1010,9
1.8:1010,1.8,1010,9
1.7:1010,1.7,1010,10
1.6:1010,1.6,1010,10
1.5:1010,1.5,1010,10
4.3:1020,4.3,1020,3
4.2:1020,4.2,1020,3
4.1:1020,4.1,1020,3
4.0:1020,4,1020,3
3.9:1020,3.9,1020,3
3.8:1020,3.8,1020,4
3.7:1020,3.7,1020,4
3.6:1020,3.6,1020,4
3.5:1020,3.5,1020,4
3.4:1020,3.4,1020,5
3.3:1020,3.3,1020,5
3.2:1020,3.2,1020,5
3.1:1020,3.1,1020,5
3.0:1020,3,1020,6
2.9:1020,2.9,1020,6
2.8:1020,2.8,1020,7
2.7:1020,2.7,1020,7
2.6:1020,2.6,1020,7
2.5:1020,2.5,1020,7
2.4:1020,2.4,1020,8
2.3:1020,2.3,1020,8
2.2:1020,2.2,1020,8
2.1:1020,2.1,1020,8
2.0:1020,2,1020,9
1.9:1020,1.9,1020,9
1.8:1020,1.8,1020,9
1.7:1020,1.7,1020,10
1.6:1020,1.6,1020,10
1.5:1020,1.5,1020,10
4.3:1030,4.3,1030,3
4.2:1030,4.2,1030,3
4.1:1030,4.1,1030,3
4.0:1030,4,1030,3
3.9:1030,3.9,1030,3
3.8:1030,3.8,1030,3
3.7:1030,3.7,1030,3
3.6:1030,3.6,1030,4
3.5:1030,3.5,1030,4
3.4:1030,3.4,1030,5
3.3:1030,3.3,1030,5
3.2:1030,3.2,1030,5
3.1:1030,3.1,1030,5
3.0:1030,3,1030,5
2.9:1030,2.9,1030,6
2.8:1030,2.8,1030,6
2.7:1030,2.7,1030,7
2.6:1030,2.6,1030,7
2.5:1030,2.5,1030,7
2.4:1030,2.4,1030,7
2.3:1030,2.3,1030,8
2.2:1030,2.2,1030,8
2.1:1030,2.1,1030,8
2.0:1030,2,1030,8
1.9:1030,1.9,1030,9
1.8:1030,1.8,1030,9
1.7:1030,1.7,1030,9
1.6:1030,1.6,1030,9
1.5:1030,1.5,1030,10
4.3:1040,4.3,1040,3
4.2:1040,4.2,1040,3
4.1:1040,4.1,1040,3
4.0:1040,4,1040,3
3.9:1040,3.9,1040,3
3.8:1040,3.8,1040,3
3.7:1040,3.7,1040,3
3.6:1040,3.6,1040,4
3.5:1040,3.5,1040,4
3.4:1040,3.4,1040,5
3.3:1040,3.3,1040,5
3.2:1040,3.2,1040,5
3.1:1040,3.1,1040,5
3.0:1040,3,1040,5
2.9:1040,2.9,1040,6
2.8:1040,2.8,1040,6
2.7:1040,2.7,1040,7
2.6:1040,2.6,1040,7
2.5:1040,2.5,1040,7
2.4:1040,2.4,1040,7
2.3:1040,2.3,1040,8
2.2:1040,2.2,1040,8
2.1:1040,2.1,1040,8
2.0:1040,2,1040,8
1.9:1040,1.9,1040,9
1.8:1040,1.8,1040,9
1.7:1040,1.7,1040,9
1.6:1040,1.6,1040,9
1.5:1040,1.5,1040,10
4.3:1050,4.3,1050,3
4.2:1050,4.2,1050,3
4.1:1050,4.1,1050,3
4.0:1050,4,1050,3
3.9:1050,3.9,1050,3
3.8:1050,3.8,1050,3
3.7:1050,3.7,1050,3
3.6:1050,3.6,1050,4
3.5:1050,3.5,1050,4
3.4:1050,3.4,1050,5
3.3:1050,3.3,1050,5
3.2:1050,3.2,1050,5
3.1:1050,3.1,1050,5
3.0:1050,3,1050,5
2.9:1050,2.9,1050,6
2.8:1050,2.8,1050,6
2.7:1050,2.7,1050,7
2.6:1050,2.6,1050,7
2.5:1050,2.5,1050,7
2.4:1050,2.4,1050,7
2.3:1050,2.3,1050,8
2.2:1050,2.2,1050,8
2.1:1050,2.1,1050,8
2.0:1050,2,1050,8
1.9:1050,1.9,1050,9
1.8:1050,1.8,1050,9
1.7:1050,1.7,1050,9
1.6:1050,1.6,1050,9
1.5:1050,1.5,1050,10
4.3:1060,4.3,1060,3
4.2:1060,4.2,1060,3
4.1:1060,4.1,1060,3
4.0:1060,4,1060,3
3.9:1060,3.9,1060,3
3.8:1060,3.8,1060,3
3.7:1060,3.7,1060,3
3.6:1060,3.6,1060,4
3.5:1060,3.5,1060,4
3.4:1060,3.4,1060,4
3.3:1060,3.3,1060,5
3.2:1060,3.2,1060,5
3.1:1060,3.1,1060,5
3.0:1060,3,1060,5
2.9:1060,2.9,1060,5
2.8:1060,2.8,1060,6
2.7:1060,2.7,1060,6
2.6:1060,2.6,1060,6
2.5:1060,2.5,1060,7
2.4:1060,2.4,1060,7
2.3:1060,2.3,1060,7
2.2:1060,2.2,1060,8
2.1:1060,2.1,1060,8
2.0:1060,2,1060,8
1.9:1060,1.9,1060,8
1.8:1060,1.8,1060,9
1.7:1060,1.7,1060,9
1.6:1060,1.6,1060,9
1.5:1060,1.5,1060,9
4.3:1070,4.3,1070,3
4.2:1070,4.2,1070,3
4.1:1070,4.1,1070,3
4.0:1070,4,1070,3
3.9:1070,3.9,1070,3
3.8:1070,3.8,1070,3
3.7:1070,3.7,1070,3
3.6:1070,3.6,1070,4
3.5:1070,3.5,1070,4
3.4:1070,3.4,1070,4
3.3:1070,3.3,1070,5
3.2:1070,3.2,1070,5
3.1:1070,3.1,1070,5
3.0:1070,3,1070,5
2.9:1070,2.9,1070,5
2.8:1070,2.8,1070,6
2.7:1070,2.7,1070,6
2.6:1070,2.6,1070,6
2.5:1070,2.5,1070,7
2.4:1070,2.4,1070,7
2.3:1070,2.3,1070,7
2.2:1070,2.2,1070,8
2.1:1070,2.1,1070,8
2.0:1070,2,1070,8
1.9:1070,1.9,1070,8
1.8:1070,1.8,1070,9
1.7:1070,1.7,1070,9
1.6:1070,1.6,1070,9
1.5:1070,1.5,1070,9
4.3:1080,4.3,1080,3
4.2:1080,4.2,1080,3
4.1:1080,4.1,1080,3
4.0:1080,4,1080,3
3.9:1080,3.9,1080,3
3.8:1080,3.8,1080,3
3.7:1080,3.7,1080,3
3.6:1080,3.6,1080,4
3.5:1080,3.5,1080,4
3.4:1080,3.4,1080,4
3.3:1080,3.3,1080,5
3.2:1080,3.2,1080,5
3.1:1080,3.1,1080,5
3.0:1080,3,1080,5
2.9:1080,2.9,1080,5
2.8:1080,2.8,1080,6
2.7:1080,2.7,1080,6
2.6:1080,2.6,1080,6
2.5:1080,2.5,1080,7
2.4:1080,2.4,1080,7
2.3:1080,2.3,1080,7
2.2:1080,2.2,1080,8
2.1:1080,2.1,1080,8
2.0:1080,2,1080,8
1.9:1080,1.9,1080,8
1.8:1080,1.8,1080,9
1.7:1080,1.7,1080,9
1.6:1080,1.6,1080,9
1.5:1080,1.5,1080,9
4.3:1090,4.3,1090,3
4.2:1090,4.2,1090,3
4.1:1090,4.1,1090,3
4.0:1090,4,1090,3
3.9:1090,3.9,1090,3
3.8:1090,3.8,1090,3
3.7:1090,3.7,1090,3
3.6:1090,3.6,1090,4
3.5:1090,3.5,1090,4
3.4:1090,3.4,1090,4
3.3:1090,3.3,1090,5
3.2:1090,3.2,1090,5
3.1:1090,3.1,1090,5
3.0:1090,3,1090,5
2.9:1090,2.9,1090,5
2.8:1090,2.8,1090,6
2.7:1090,2.7,1090,6
2.6:1090,2.6,1090,6
2.5:1090,2.5,1090,7
2.4:1090,2.4,1090,7
2.3:1090,2.3,1090,7
2.2:1090,2.2,1090,8
2.1:1090,2.1,1090,8
2.0:1090,2,1090,8
1.9:1090,1.9,1090,8
1.8:1090,1.8,1090,9
1.7:1090,1.7,1090,9
1.6:1090,1.6,1090,9
1.5:1090,1.5,1090,9
4.3:1100,4.3,1100,3
4.2:1100,4.2,1100,3
4.1:1100,4.1,1100,3
4.0:1100,4,1100,3
3.9:1100,3.9,1100,3
3.8:1100,3.8,1100,3
3.7:1100,3.7,1100,3
3.6:1100,3.6,1100,3
3.5:1100,3.5,1100,4
3.4:1100,3.4,1100,4
3.3:1100,3.3,1100,4
3.2:1100,3.2,1100,5
3.1:1100,3.1,1100,5
3.0:1100,3,1100,5
2.9:1100,2.9,1100,5
2.8:1100,2.8,1100,6
2.7:1100,2.7,1100,6
2.6:1100,2.6,1100,6
2.5:1100,2.5,1100,6
2.4:1100,2.4,1100,7
2.3:1100,2.3,1100,7
2.2:1100,2.2,1100,7
2.1:1100,2.1,1100,7
2.0:1100,2,1100,8
1.9:1100,1.9,1100,8
1.8:1100,1.8,1100,8
1.7:1100,1.7,1100,8
1.6:1100,1.6,1100,9
1.5:1100,1.5,1100,9
4.3:1110,4.3,1110,3
4.2:1110,4.2,1110,3
4.1:1110,4.1,1110,3
4.0:1110,4,1110,3
3.9:1110,3.9,1110,3
3.8:1110,3.8,1110,3
3.7:1110,3.7,1110,3
3.6:1110,3.6,1110,3
3.5:1110,3.5,1110,4
3.4:1110,3.4,1110,4
3.3:1110,3.3,1110,4
3.2:1110,3.2,1110,5
3.1:1110,3.1,1110,5
3.0:1110,3,1110,5
2.9:1110,2.9,1110,5
2.8:1110,2.8,1110,6
2.7:1110,2.7,1110,6
2.6:1110,2.6,1110,6
2.5:1110,2.5,1110,6
2.4:1110,2.4,1110,7
2.3:1110,2.3,1110,7
2.2:1110,2.2,1110,7
2.1:1110,2.1,1110,7
2.0:1110,2,1110,8
1.9:1110,1.9,1110,8
1.8:1110,1.8,1110,8
1.7:1110,1.7,1110,8
1.6:1110,1.6,1110,9
1.5:1110,1.5,1110,9
4.3:1120,4.3,1120,3
4.2:1120,4.2,1120,3
4.1:1120,4.1,1120,3
4.0:1120,4,1120,3
3.9:1120,3.9,1120,3
3.8:1120,3.8,1120,3
3.7:1120,3.7,1120,3
3.6:1120,3.6,1120,3
3.5:1120,3.5,1120,4
3.4:1120,3.4,1120,4
3.3:1120,3.3,1120,4
3.2:1120,3.2,1120,5
3.1:1120,3.1,1120,5
3.0:1120,3,1120,5
2.9:1120,2.9,1120,5
2.8:1120,2.8,1120,6
2.7:1120,2.7,1120,6
2.6:1120,2.6,1120,6
2.5:1120,2.5,1120,6
2.4:1120,2.4,1120,7
2.3:1120,2.3,1120,7
2.2:1120,2.2,1120,7
2.1:1120,2.1,1120,7
2.0:1120,2,1120,8
1.9:1120,1.9,1120,8
1.8:1120,1.8,1120,8
1.7:1120,1.7,1120,8
1.6:1120,1.6,1120,9
1.5:1120,1.5,1120,9
4.3:1130,4.3,1130,2
4.2:1130,4.2,1130,3
4.1:1130,4.1,1130,3
4.0:1130,4,1130,3
3.9:1130,3.9,1130,3
3.8:1130,3.8,1130,3
3.7:1130,3.7,1130,3
3.6:1130,3.6,1130,3
3.5:1130,3.5,1130,3
3.4:1130,3.4,1130,4
3.3:1130,3.3,1130,4
3.2:1130,3.2,1130,4
3.1:1130,3.1,1130,5
3.0:1130,3,1130,5
2.9:1130,2.9,1130,5
2.8:1130,2.8,1130,5
2.7:1130,2.7,1130,6
2.6:1130,2.6,1130,6
2.5:1130,2.5,1130,6
2.4:1130,2.4,1130,6
2.3:1130,2.3,1130,7
2.2:1130,2.2,1130,7
2.1:1130,2.1,1130,7
2.0:1130,2,1130,7
1.9:1130,1.9,1130,8
1.8:1130,1.8,1130,8
1.7:1130,1.7,1130,8
1.6:1130,1.6,1130,8
1.5:1130,1.5,1130,9
4.3:1140,4.3,1140,2
4.2:1140,4.2,1140,3
4.1:1140,4.1,1140,3
4.0:1140,4,1140,3
3.9:1140,3.9,1140,3
3.8:1140,3.8,1140,3
3.7:1140,3.7,1140,3
3.6:1140,3.6,1140,3
3.5:1140,3.5,1140,3
3.4:1140,3.4,1140,4
3.3:1140,3.3,1140,4
3.2:1140,3.2,1140,4
3.1:1140,3.1,1140,5
3.0:1140,3,1140,5
2.9:1140,2.9,1140,5
2.8:1140,2.8,1140,5
2.7:1140,2.7,1140,6
2.6:1140,2.6,1140,6
2.5:1140,2.5,1140,6
2.4:1140,2.4,1140,6
2.3:1140,2.3,1140,7
2.2:1140,2.2,1140,7
2.1:1140,2.1,1140,7
2.0:1140,2,1140,7
1.9:1140,1.9,1140,8
1.8:1140,1.8,1140,8
1.7:1140,1.7,1140,8
1.6:1140,1.6,1140,8
1.5:1140,1.5,1140,9
4.3:1150,4.3,1150,2
4.2:1150,4.2,1150,3
4.1:1150,4.1,1150,3
4.0:1150,4,1150,3
3.9:1150,3.9,1150,3
3.8:1150,3.8,1150,3
3.7:1150,3.7,1150,3
3.6:1150,3.6,1150,3
3.5:1150,3.5,1150,3
3.4:1150,3.4,1150,4
3.3:1150,3.3,1150,4
3.2:1150,3.2,1150,4
3.1:1150,3.1,1150,5
3.0:1150,3,1150,5
2.9:1150,2.9,1150,5
2.8:1150,2.8,1150,5
2.7:1150,2.7,1150,6
2.6:1150,2.6,1150,6
2.5:1150,2.5,1150,6
2.4:1150,2.4,1150,6
2.3:1150,2.3,1150,7
2.2:1150,2.2,1150,7
2.1:1150,2.1,1150,7
2.0:1150,2,1150,7
1.9:1150,1.9,1150,8
1.8:1150,1.8,1150,8
1.7:1150,1.7,1150,8
1.6:1150,1.6,1150,8
1.5:1150,1.5,1150,9
4.3:1160,4.3,1160,2
4.2:1160,4.2,1160,2
4.1:1160,4.1,1160,2
4.0:1160,4,1160,3
3.9:1160,3.9,1160,3
3.8:1160,3.8,1160,3
3.7:1160,3.7,1160,3
3.6:1160,3.6,1160,3
3.5:1160,3.5,1160,3
3.4:1160,3.4,1160,3
3.3:1160,3.3,1160,4
3.2:1160,3.2,1160,4
3.1:1160,3.1,1160,4
3.0:1160,3,1160,5
2.9:1160,2.9,1160,5
2.8:1160,2.8,1160,5
2.7:1160,2.7,1160,5
2.6:1160,2.6,1160,6
2.5:1160,2.5,1160,6
2.4:1160,2.4,1160,6
2.3:1160,2.3,1160,6
2.2:1160,2.2,1160,7
2.1:1160,2.1,1160,7
2.0:1160,2,1160,7
1.9:1160,1.9,1160,7
1.8:1160,1.8,1160,8
1.7:1160,1.7,1160,8
1.6:1160,1.6,1160,8
1.5:1160,1.5,1160,8
4.3:1170,4.3,1170,2
4.2:1170,4.2,1170,2
4.1:1170,4.1,1170,2
4.0:1170,4,1170,3
3.9:1170,3.9,1170,3
3.8:1170,3.8,1170,3
3.7:1170,3.7,1170,3
3.6:1170,3.6,1170,3
3.5:1170,3.5,1170,3
3.4:1170,3.4,1170,3
3.3:1170,3.3,1170,4
3.2:1170,3.2,1170,4
3.1:1170,3.1,1170,4
3.0:1170,3,1170,5
2.9:1170,2.9,1170,5
2.8:1170,2.8,1170,5
2.7:1170,2.7,1170,5
2.6:1170,2.6,1170,6
2.5:1170,2.5,1170,6
2.4:1170,2.4,1170,6
2.3:1170,2.3,1170,6
2.2:1170,2.2,1170,7
2.1:1170,2.1,1170,7
2.0:1170,2,1170,7
1.9:1170,1.9,1170,7
1.8:1170,1.8,1170,8
1.7:1170,1.7,1170,8
1.6:1170,1.6,1170,8
1.5:1170,1.5,1170,8
4.3:1180,4.3,1180,2
4.2:1180,4.2,1180,2
4.1:1180,4.1,1180,2
4.0:1180,4,1180,3
3.9:1180,3.9,1180,3
3.8:1180,3.8,1180,3
3.7:1180,3.7,1180,3
3.6:1180,3.6,1180,3
3.5:1180,3.5,1180,3
3.4:1180,3.4,1180,3
3.3:1180,3.3,1180,4
3.2:1180,3.2,1180,4
3.1:1180,3.1,1180,4
3.0:1180,3,1180,5
2.9:1180,2.9,1180,5
2.8:1180,2.8,1180,5
2.7:1180,2.7,1180,5
2.6:1180,2.6,1180,6
2.5:1180,2.5,1180,6
2.4:1180,2.4,1180,6
2.3:1180,2.3,1180,6
2.2:1180,2.2,1180,7
2.1:1180,2.1,1180,7
2.0:1180,2,1180,7
1.9:1180,1.9,1180,7
1.8:1180,1.8,1180,8
1.7:1180,1.7,1180,8
1.6:1180,1.6,1180,8
1.5:1180,1.5,1180,8
4.3:1190,4.3,1190,2
4.2:1190,4.2,1190,2
4.1:1190,4.1,1190,2
4.0:1190,4,1190,3
3.9:1190,3.9,1190,3
3.8:1190,3.8,1190,3
3.7:1190,3.7,1190,3
3.6:1190,3.6,1190,3
3.5:1190,3.5,1190,3
3.4:1190,3.4,1190,3
3.3:1190,3.3,1190,4
3.2:1190,3.2,1190,4
3.1:1190,3.1,1190,4
3.0:1190,3,1190,5
2.9:1190,2.9,1190,5
2.8:1190,2.8,1190,5
2.7:1190,2.7,1190,5
2.6:1190,2.6,1190,6
2.5:1190,2.5,1190,6
2.4:1190,2.4,1190,6
2.3:1190,2.3,1190,6
2.2:1190,2.2,1190,7
2.1:1190,2.1,1190,7
2.0:1190,2,1190,7
1.9:1190,1.9,1190,7
1.8:1190,1.8,1190,8
1.7:1190,1.7,1190,8
1.6:1190,1.6,1190,8
1.5:1190,1.5,1190,8
4.3:1200,4.3,1200,2
4.2:1200,4.2,1200,2
4.1:1200,4.1,1200,2
4.0:1200,4,1200,2
3.9:1200,3.9,1200,2
3.8:1200,3.8,1200,3
3.7:1200,3.7,1200,3
3.6:1200,3.6,1200,3
3.5:1200,3.5,1200,3
3.4:1200,3.4,1200,3
3.3:1200,3.3,1200,3
3.2:1200,3.2,1200,4
3.1:1200,3.1,1200,4
3.0:1200,3,1200,5
2.9:1200,2.9,1200,5
2.8:1200,2.8,1200,5
2.7:1200,2.7,1200,5
2.6:1200,2.6,1200,5
2.5:1200,2.5,1200,6
2.4:1200,2.4,1200,6
2.3:1200,2.3,1200,6
2.2:1200,2.2,1200,6
2.1:1200,2.1,1200,7
2.0:1200,2,1200,7
1.9:1200,1.9,1200,7
1.8:1200,1.8,1200,7
1.7:1200,1.7,1200,8
1.6:1200,1.6,1200,8
1.5:1200,1.5,1200,8
4.3:1210,4.3,1210,2
4.2:1210,4.2,1210,2
4.1:1210,4.1,1210,2
4.0:1210,4,1210,2
3.9:1210,3.9,1210,2
3.8:1210,3.8,1210,3
3.7:1210,3.7,1210,3
3.6:1210,3.6,1210,3
3.5:1210,3.5,1210,3
3.4:1210,3.4,1210,3
3.3:1210,3.3,1210,3
3.2:1210,3.2,1210,4
3.1:1210,3.1,1210,4
3.0:1210,3,1210,5
2.9:1210,2.9,1210,5
2.8:1210,2.8,1210,5
2.7:1210,2.7,1210,5
2.6:1210,2.6,1210,5
2.5:1210,2.5,1210,6
2.4:1210,2.4,1210,6
2.3:1210,2.3,1210,6
2.2:1210,2.2,1210,6
2.1:1210,2.1,1210,7
2.0:1210,2,1210,7
1.9:1210,1.9,1210,7
1.8:1210,1.8,1210,7
1.7:1210,1.7,1210,8
1.6:1210,1.6,1210,8
1.5:1210,1.5,1210,8
4.3:1220,4.3,1220,2
4.2:1220,4.2,1220,2
4.1:1220,4.1,1220,2
4.0:1220,4,1220,2
3.9:1220,3.9,1220,2
3.8:1220,3.8,1220,3
3.7:1220,3.7,1220,3
3.6:1220,3.6,1220,3
3.5:1220,3.5,1220,3
3.4:1220,3.4,1220,3
3.3:1220,3.3,1220,3
3.2:1220,3.2,1220,4
3.1:1220,3.1,1220,4
3.0:1220,3,1220,5
2.9:1220,2.9,1220,5
2.8:1220,2.8,1220,5
2.7:1220,2.7,1220,5
2.6:1220,2.6,1220,5
2.5:1220,2.5,1220,6
2.4:1220,2.4,1220,6
2.3:1220,2.3,1220,6
2.2:1220,2.2,1220,6
2.1:1220,2.1,1220,7
2.0:1220,2,1220,7
1.9:1220,1.9,1220,7
1.8:1220,1.8,1220,7
1.7:1220,1.7,1220,8
1.6:1220,1.6,1220,8
1.5:1220,1.5,1220,8
4.3:1230,4.3,1230,2
4.2:1230,4.2,1230,2
4.1:1230,4.1,1230,2
4.0:1230,4,1230,2
3.9:1230,3.9,1230,2
3.8:1230,3.8,1230,2
3.7:1230,3.7,1230,2
3.6:1230,3.6,1230,3
3.5:1230,3.5,1230,3
3.4:1230,3.4,1230,3
3.3:1230,3.3,1230,3
3.2:1230,3.2,1230,3
3.1:1230,3.1,1230,4
3.0:1230,3,1230,4
2.9:1230,2.9,1230,5
2.8:1230,2.8,1230,5
2.7:1230,2.7,1230,5
2.6:1230,2.6,1230,5
2.5:1230,2.5,1230,5
2.4:1230,2.4,1230,6
2.3:1230,2.3,1230,6
2.2:1230,2.2,1230,6
2.1:1230,2.1,1230,6
2.0:1230,2,1230,6
1.9:1230,1.9,1230,7
1.8:1230,1.8,1230,7
1.7:1230,1.7,1230,7
1.6:1230,1.6,1230,8
1.5:1230,1.5,1230,8
4.3:1240,4.3,1240,2
4.2:1240,4.2,1240,2
4.1:1240,4.1,1240,2
4.0:1240,4,1240,2
3.9:1240,3.9,1240,2
3.8:1240,3.8,1240,2
3.7:1240,3.7,1240,2
3.6:1240,3.6,1240,3
3.5:1240,3.5,1240,3
3.4:1240,3.4,1240,3
3.3:1240,3.3,1240,3
3.2:1240,3.2,1240,3
3.1:1240,3.1,1240,4
3.0:1240,3,1240,4
2.9:1240,2.9,1240,5
2.8:1240,2.8,1240,5
2.7:1240,2.7,1240,5
2.6:1240,2.6,1240,5
2.5:1240,2.5,1240,5
2.4:1240,2.4,1240,6
2.3:1240,2.3,1240,6
2.2:1240,2.2,1240,6
2.1:1240,2.1,1240,6
2.0:1240,2,1240,6
1.9:1240,1.9,1240,7
1.8:1240,1.8,1240,7
1.7:1240,1.7,1240,7
1.6:1240,1.6,1240,8
1.5:1240,1.5,1240,8
4.3:1250,4.3,1250,2
4.2:1250,4.2,1250,2
4.1:1250,4.1,1250,2
4.0:1250,4,1250,2
3.9:1250,3.9,1250,2
3.8:1250,3.8,1250,2
3.7:1250,3.7,1250,2
3.6:1250,3.6,1250,3
3.5:1250,3.5,1250,3
3.4:1250,3.4,1250,3
3.3:1250,3.3,1250,3
3.2:1250,3.2,1250,3
3.1:1250,3.1,1250,4
3.0:1250,3,1250,4
2.9:1250,2.9,1250,5
2.8:1250,2.8,1250,5
2.7:1250,2.7,1250,5
2.6:1250,2.6,1250,5
2.5:1250,2.5,1250,5
2.4:1250,2.4,1250,6
2.3:1250,2.3,1250,6
2.2:1250,2.2,1250,6
2.1:1250,2.1,1250,6
2.0:1250,2,1250,6
1.9:1250,1.9,1250,7
1.8:1250,1.8,1250,7
1.7:1250,1.7,1250,7
1.6:1250,1.6,1250,8
1.5:1250,1.5,1250,8
4.3:1260,4.3,1260,1
4.2:1260,4.2,1260,1
4.1:1260,4.1,1260,2
4.0:1260,4,1260,2
3.9:1260,3.9,1260,2
3.8:1260,3.8,1260,2
3.7:1260,3.7,1260,2
3.6:1260,3.6,1260,2
3.5:1260,3.5,1260,2
3.4:1260,3.4,1260,3
3.3:1260,3.3,1260,3
3.2:1260,3.2,1260,3
3.1:1260,3.1,1260,3
3.0:1260,3,1260,4
2.9:1260,2.9,1260,4
2.8:1260,2.8,1260,5
2.7:1260,2.7,1260,5
2.6:1260,2.6,1260,5
2.5:1260,2.5,1260,5
2.4:1260,2.4,1260,6
2.3:1260,2.3,1260,6
2.2:1260,2.2,1260,6
2.1:1260,2.1,1260,6
2.0:1260,2,1260,6
1.9:1260,1.9,1260,6
1.8:1260,1.8,1260,7
1.7:1260,1.7,1260,7
1.6:1260,1.6,1260,7
1.5:1260,1.5,1260,7
4.3:1270,4.3,1270,1
4.2:1270,4.2,1270,1
4.1:1270,4.1,1270,2
4.0:1270,4,1270,2
3.9:1270,3.9,1270,2
3.8:1270,3.8,1270,2
3.7:1270,3.7,1270,2
3.6:1270,3.6,1270,2
3.5:1270,3.5,1270,2
3.4:1270,3.4,1270,3
3.3:1270,3.3,1270,3
3.2:1270,3.2,1270,3
3.1:1270,3.1,1270,3
3.0:1270,3,1270,4
2.9:1270,2.9,1270,4
2.8:1270,2.8,1270,5
2.7:1270,2.7,1270,5
2.6:1270,2.6,1270,5
2.5:1270,2.5,1270,5
2.4:1270,2.4,1270,6
2.3:1270,2.3,1270,6
2.2:1270,2.2,1270,6
2.1:1270,2.1,1270,6
2.0:1270,2,1270,6
1.9:1270,1.9,1270,6
1.8:1270,1.8,1270,7
1.7:1270,1.7,1270,7
1.6:1270,1.6,1270,7
1.5:1270,1.5,1270,7
4.3:1280,4.3,1280,1
4.2:1280,4.2,1280,1
4.1:1280,4.1,1280,2
4.0:1280,4,1280,2
3.9:1280,3.9,1280,2
3.8:1280,3.8,1280,2
3.7:1280,3.7,1280,2
3.6:1280,3.6,1280,2
3.5:1280,3.5,1280,2
3.4:1280,3.4,1280,3
3.3:1280,3.3,1280,3
3.2:1280,3.2,1280,3
3.1:1280,3.1,1280,3
3.0:1280,3,1280,4
2.9:1280,2.9,1280,4
2.8:1280,2.8,1280,5
2.7:1280,2.7,1280,5
2.6:1280,2.6,1280,5
2.5:1280,2.5,1280,5
2.4:1280,2.4,1280,6
2.3:1280,2.3,1280,6
2.2:1280,2.2,1280,6
2.1:1280,2.1,1280,6
2.0:1280,2,1280,6
1.9:1280,1.9,1280,6
1.8:1280,1.8,1280,7
1.7:1280,1.7,1280,7
1.6:1280,1.6,1280,7
1.5:1280,1.5,1280,7
4.3:1290,4.3,1290,1
4.2:1290,4.2,1290,1
4.1:1290,4.1,1290,2
4.0:1290,4,1290,2
3.9:1290,3.9,1290,2
3.8:1290,3.8,1290,2
3.7:1290,3.7,1290,2
3.6:1290,3.6,1290,2
3.5:1290,3.5,1290,2
3.4:1290,3.4,1290,3
3.3:1290,3.3,1290,3
3.2:1290,3.2,1290,3
3.1:1290,3.1,1290,3
3.0:1290,3,1290,4
2.9:1290,2.9,1290,4
2.8:1290,2.8,1290,5
2.7:1290,2.7,1290,5
2.6:1290,2.6,1290,5
2.5:1290,2.5,1290,5
2.4:1290,2.4,1290,6
2.3:1290,2.3,1290,6
2.2:1290,2.2,1290,6
2.1:1290,2.1,1290,6
2.0:1290,2,1290,6
1.9:1290,1.9,1290,6
1.8:1290,1.8,1290,7
1.7:1290,1.7,1290,7
1.6:1290,1.6,1290,7
1.5:1290,1.5,1290,7
4.3:1300,4.3,1300,1
4.2:1300,4.2,1300,1
4.1:1300,4.1,1300,1
4.0:1300,4,1300,1
3.9:1300,3.9,1300,2
3.8:1300,3.8,1300,2
3.7:1300,3.7,1300,2
3.6:1300,3.6,1300,2
3.5:1300,3.5,1300,2
3.4:1300,3.4,1300,2
3.3:1300,3.3,1300,2
3.2:1300,3.2,1300,3
3.1:1300,3.1,1300,3
3.0:1300,3,1300,3
2.9:1300,2.9,1300,4
2.8:1300,2.8,1300,4
2.7:1300,2.7,1300,5
2.6:1300,2.6,1300,5
2.5:1300,2.5,1300,5
2.4:1300,2.4,1300,5
2.3:1300,2.3,1300,6
2.2:1300,2.2,1300,6
2.1:1300,2.1,1300,6
2.0:1300,2,1300,6
1.9:1300,1.9,1300,6
1.8:1300,1.8,1300,6
1.7:1300,1.7,1300,7
1.6:1300,1.6,1300,7
1.5:1300,1.5,1300,7
4.3:1310,4.3,1310,1
4.2:1310,4.2,1310,1
4.1:1310,4.1,1310,1
4.0:1310,4,1310,1
3.9:1310,3.9,1310,2
3.8:1310,3.8,1310,2
3.7:1310,3.7,1310,2
3.6:1310,3.6,1310,2
3.5:1310,3.5,1310,2
3.4:1310,3.4,1310,2
3.3:1310,3.3,1310,2
3.2:1310,3.2,1310,3
3.1:1310,3.1,1310,3
3.0:1310,3,1310,3
2.9:1310,2.9,1310,4
2.8:1310,2.8,1310,4
2.7:1310,2.7,1310,5
2.6:1310,2.6,1310,5
2.5:1310,2.5,1310,5
2.4:1310,2.4,1310,5
2.3:1310,2.3,1310,6
2.2:1310,2.2,1310,6
2.1:1310,2.1,1310,6
2.0:1310,2,1310,6
1.9:1310,1.9,1310,6
1.8:1310,1.8,1310,6
1.7:1310,1.7,1310,7
1.6:1310,1.6,1310,7
1.5:1310,1.5,1310,7
4.3:1320,4.3,1320,1
4.2:1320,4.2,1320,1
4.1:1320,4.1,1320,1
4.0:1320,4,1320,1
3.9:1320,3.9,1320,2
3.8:1320,3.8,1320,2
3.7:1320,3.7,1320,2
3.6:1320,3.6,1320,2
3.5:1320,3.5,1320,2
3.4:1320,3.4,1320,2
3.3:1320,3.3,1320,2
3.2:1320,3.2,1320,3
3.1:1320,3.1,1320,3
3.0:1320,3,1320,3
2.9:1320,2.9,1320,4
2.8:1320,2.8,1320,4
2.7:1320,2.7,1320,5
2.6:1320,2.6,1320,5
2.5:1320,2.5,1320,5
2.4:1320,2.4,1320,5
2.3:1320,2.3,1320,6
2.2:1320,2.2,1320,6
2.1:1320,2.1,1320,6
2.0:1320,2,1320,6
1.9:1320,1.9,1320,6
1.8:1320,1.8,1320,6
1.7:1320,1.7,1320,7
1.6:1320,1.6,1320,7
1.5:1320,1.5,1320,7
4.3:1330,4.3,1330,1
4.2:1330,4.2,1330,1
4.1:1330,4.1,1330,1
4.0:1330,4,1330,1
3.9:1330,3.9,1330,1
3.8:1330,3.8,1330,1
3.7:1330,3.7,1330,2
3.6:1330,3.6,1330,2
3.5:1330,3.5,1330,2
3.4:1330,3.4,1330,2
3.3:1330,3.3,1330,2
3.2:1330,3.2,1330,2
3.1:1330,3.1,1330,2
3.0:1330,3,1330,3
2.9:1330,2.9,1330,4
2.8:1330,2.8,1330,4
2.7:1330,2.7,1330,4
2.6:1330,2.6,1330,5
2.5:1330,2.5,1330,5
2.4:1330,2.4,1330,5
2.3:1330,2.3,1330,5
2.2:1330,2.2,1330,6
2.1:1330,2.1,1330,6
2.0:1330,2,1330,6
1.9:1330,1.9,1330,6
1.8:1330,1.8,1330,6
1.7:1330,1.7,1330,6
1.6:1330,1.6,1330,7
1.5:1330,1.5,1330,7
4.3:1340,4.3,1340,1
4.2:1340,4.2,1340,1
4.1:1340,4.1,1340,1
4.0:1340,4,1340,1
3.9:1340,3.9,1340,1
3.8:1340,3.8,1340,1
3.7:1340,3.7,1340,2
3.6:1340,3.6,1340,2
3.5:1340,3.5,1340,2
3.4:1340,3.4,1340,2
3.3:1340,3.3,1340,2
3.2:1340,3.2,1340,2
3.1:1340,3.1,1340,2
3.0:1340,3,1340,3
2.9:1340,2.9,1340,4
2.8:1340,2.8,1340,4
2.7:1340,2.7,1340,4
2.6:1340,2.6,1340,5
2.5:1340,2.5,1340,5
2.4:1340,2.4,1340,5
2.3:1340,2.3,1340,5
2.2:1340,2.2,1340,6
2.1:1340,2.1,1340,6
2.0:1340,2,1340,6
1.9:1340,1.9,1340,6
1.8:1340,1.8,1340,6
1.7:1340,1.7,1340,6
1.6:1340,1.6,1340,7
1.5:1340,1.5,1340,7
4.3:1350,4.3,1350,1
4.2:1350,4.2,1350,1
4.1:1350,4.1,1350,1
4.0:1350,4,1350,1
3.9:1350,3.9,1350,1
3.8:1350,3.8,1350,1
3.7:1350,3.7,1350,2
3.6:1350,3.6,1350,2
3.5:1350,3.5,1350,2
3.4:1350,3.4,1350,2
3.3:1350,3.3,1350,2
3.2:1350,3.2,1350,2
3.1:1350,3.1,1350,2
3.0:1350,3,1350,3
2.9:1350,2.9,1350,4
2.8:1350,2.8,1350,4
2.7:1350,2.7,1350,4
2.6:1350,2.6,1350,5
2.5:1350,2.5,1350,5
2.4:1350,2.4,1350,5
2.3:1350,2.3,1350,5
2.2:1350,2.2,1350,6
2.1:1350,2.1,1350,6
2.0:1350,2,1350,6
1.9:1350,1.9,1350,6
1.8:1350,1.8,1350,6
1.7:1350,1.7,1350,6
1.6:1350,1.6,1350,7
1.5:1350,1.5,1350,7
4.3:1360,4.3,1360,1
4.2:1360,4.2,1360,1
4.1:1360,4.1,1360,1
4.0:1360,4,1360,1
3.9:1360,3.9,1360,1
3.8:1360,3.8,1360,1
3.7:1360,3.7,1360,1
3.6:1360,3.6,1360,1
3.5:1360,3.5,1360,2
3.4:1360,3.4,1360,2
3.3:1360,3.3,1360,2
3.2:1360,3.2,1360,2
3.1:1360,3.1,1360,2
3.0:1360,3,1360,2
2.9:1360,2.9,1360,2
2.8:1360,2.8,1360,4
2.7:1360,2.7,1360,4
2.6:1360,2.6,1360,5
2.5:1360,2.5,1360,5
2.4:1360,2.4,1360,5
2.3:1360,2.3,1360,5
2.2:1360,2.2,1360,5
2.1:1360,2.1,1360,6
2.0:1360,2,1360,6
1.9:1360,1.9,1360,6
1.8:1360,1.8,1360,6
1.7:1360,1.7,1360,6
1.6:1360,1.6,1360,6
1.5:1360,1.5,1360,7
4.3:1370,4.3,1370,1
4.2:1370,4.2,1370,1
4.1:1370,4.1,1370,1
4.0:1370,4,1370,1
3.9:1370,3.9,1370,1
3.8:1370,3.8,1370,1
3.7:1370,3.7,1370,1
3.6:1370,3.6,1370,1
3.5:1370,3.5,1370,2
3.4:1370,3.4,1370,2
3.3:1370,3.3,1370,2
3.2:1370,3.2,1370,2
3.1:1370,3.1,1370,2
3.0:1370,3,1370,2
2.9:1370,2.9,1370,2
2.8:1370,2.8,1370,4
2.7:1370,2.7,1370,4
2.6:1370,2.6,1370,5
2.5:1370,2.5,1370,5
2.4:1370,2.4,1370,5
2.3:1370,2.3,1370,5
2.2:1370,2.2,1370,5
2.1:1370,2.1,1370,6
2.0:1370,2,1370,6
1.9:1370,1.9,1370,6
1.8:1370,1.8,1370,6
1.7:1370,1.7,1370,6
1.6:1370,1.6,1370,6
1.5:1370,1.5,1370,7
4.3:1380,4.3,1380,1
4.2:1380,4.2,1380,1
4.1:1380,4.1,1380,1
4.0:1380,4,1380,1
3.9:1380,3.9,1380,1
3.8:1380,3.8,1380,1
3.7:1380,3.7,1380,1
3.6:1380,3.6,1380,1
3.5:1380,3.5,1380,2
3.4:1380,3.4,1380,2
3.3:1380,3.3,1380,2
3.2:1380,3.2,1380,2
3.1:1380,3.1,1380,2
3.0:1380,3,1380,2
2.9:1380,2.9,1380,2
2.8:1380,2.8,1380,4
2.7:1380,2.7,1380,4
2.6:1380,2.6,1380,5
2.5:1380,2.5,1380,5
2.4:1380,2.4,1380,5
2.3:1380,2.3,1380,5
2.2:1380,2.2,1380,5
2.1:1380,2.1,1380,6
2.0:1380,2,1380,6
1.9:1380,1.9,1380,6
1.8:1380,1.8,1380,6
1.7:1380,1.7,1380,6
1.6:1380,1.6,1380,6
1.5:1380,1.5,1380,7
4.3:1390,4.3,1390,1
4.2:1390,4.2,1390,1
4.1:1390,4.1,1390,1
4.0:1390,4,1390,1
3.9:1390,3.9,1390,1
3.8:1390,3.8,1390,1
3.7:1390,3.7,1390,1
3.6:1390,3.6,1390,1
3.5:1390,3.5,1390,1
3.4:1390,3.4,1390,1
3.3:1390,3.3,1390,2
3.2:1390,3.2,1390,2
3.1:1390,3.1,1390,2
3.0:1390,3,1390,2
2.9:1390,2.9,1390,2
2.8:1390,2.8,1390,2
2.7:1390,2.7,1390,2
2.6:1390,2.6,1390,4
2.5:1390,2.5,1390,5
2.4:1390,2.4,1390,5
2.3:1390,2.3,1390,5
2.2:1390,2.2,1390,5
2.1:1390,2.1,1390,5
2.0:1390,2,1390,6
1.9:1390,1.9,1390,6
1.8:1390,1.8,1390,6
1.7:1390,1.7,1390,6
1.6:1390,1.6,1390,6
1.5:1390,1.5,1390,6
4.3:1400,4.3,1400,1
4.2:1400,4.2,1400,1
4.1:1400,4.1,1400,1
4.0:1400,4,1400,1
3.9:1400,3.9,1400,1
3.8:1400,3.8,1400,1
3.7:1400,3.7,1400,1
3.6:1400,3.6,1400,1
3.5:1400,3.5,1400,1
3.4:1400,3.4,1400,1
3.3:1400,3.3,1400,2
3.2:1400,3.2,1400,2
3.1:1400,3.1,1400,2
3.0:1400,3,1400,2
2.9:1400,2.9,1400,2
2.8:1400,2.8,1400,2
2.7:1400,2.7,1400,2
2.6:1400,2.6,1400,4
2.5:1400,2.5,1400,5
2.4:1400,2.4,1400,5
2.3:1400,2.3,1400,5
2.2:1400,2.2,1400,5
2.1:1400,2.1,1400,5
2.0:1400,2,1400,6
1.9:1400,1.9,1400,6
1.8:1400,1.8,1400,6
1.7:1400,1.7,1400,6
1.6:1400,1.6,1400,6
1.5:1400,1.5,1400,6
4.3:1410,4.3,1410,1
4.2:1410,4.2,1410,1
4.1:1410,4.1,1410,1
4.0:1410,4,1410,1
3.9:1410,3.9,1410,1
3.8:1410,3.8,1410,1
3.7:1410,3.7,1410,1
3.6:1410,3.6,1410,1
3.5:1410,3.5,1410,1
3.4:1410,3.4,1410,1
3.3:1410,3.3,1410,2
3.2:1410,3.2,1410,2
3.1:1410,3.1,1410,2
3.0:1410,3,1410,2
2.9:1410,2.9,1410,2
2.8:1410,2.8,1410,2
2.7:1410,2.7,1410,2
2.6:1410,2.6,1410,4
2.5:1410,2.5,1410,5
2.4:1410,2.4,1410,5
2.3:1410,2.3,1410,5
2.2:1410,2.2,1410,5
2.1:1410,2.1,1410,5
2.0:1410,2,1410,6
1.9:1410,1.9,1410,6
1.8:1410,1.8,1410,6
1.7:1410,1.7,1410,6
1.6:1410,1.6,1410,6
1.5:1410,1.5,1410,6
4.3:1420,4.3,1420,1
4.2:1420,4.2,1420,1
4.1:1420,4.1,1420,1
4.0:1420,4,1420,1
3.9:1420,3.9,1420,1
3.8:1420,3.8,1420,1
3.7:1420,3.7,1420,1
3.6:1420,3.6,1420,1
3.5:1420,3.5,1420,1
3.4:1420,3.4,1420,1
3.3:1420,3.3,1420,1
3.2:1420,3.2,1420,1
3.1:1420,3.1,1420,2
3.0:1420,3,1420,2
2.9:1420,2.9,1420,2
2.8:1420,2.8,1420,2
2.7:1420,2.7,1420,2
2.6:1420,2.6,1420,2
2.5:1420,2.5,1420,2
2.4:1420,2.4,1420,5
2.3:1420,2.3,1420,5
2.2:1420,2.2,1420,5
2.1:1420,2.1,1420,5
2.0:1420,2,1420,5
1.9:1420,1.9,1420,6
1.8:1420,1.8,1420,6
1.7:1420,1.7,1420,6
1.6:1420,1.6,1420,6
1.5:1420,1.5,1420,6
4.3:1430,4.3,1430,1
4.2:1430,4.2,1430,1
4.1:1430,4.1,1430,1
4.0:1430,4,1430,1
3.9:1430,3.9,1430,1
3.8:1430,3.8,1430,1
3.7:1430,3.7,1430,1
3.6:1430,3.6,1430,1
3.5:1430,3.5,1430,1
3.4:1430,3.4,1430,1
3.3:1430,3.3,1430,1
3.2:1430,3.2,1430,1
3.1:1430,3.1,1430,2
3.0:1430,3,1430,2
2.9:1430,2.9,1430,2
2.8:1430,2.8,1430,2
2.7:1430,2.7,1430,2
2.6:1430,2.6,1430,2
2.5:1430,2.5,1430,2
2.4:1430,2.4,1430,5
2.3:1430,2.3,1430,5
2.2:1430,2.2,1430,5
2.1:1430,2.1,1430,5
2.0:1430,2,1430,5
1.9:1430,1.9,1430,6
1.8:1430,1.8,1430,6
1.7:1430,1.7,1430,6
1.6:1430,1.6,1430,6
1.5:1430,1.5,1430,6
4.3:1440,4.3,1440,1
4.2:1440,4.2,1440,1
4.1:1440,4.1,1440,1
4.0:1440,4,1440,1
3.9:1440,3.9,1440,1
3.8:1440,3.8,1440,1
3.7:1440,3.7,1440,1
3.6:1440,3.6,1440,1
3.5:1440,3.5,1440,1
3.4:1440,3.4,1440,1
3.3:1440,3.3,1440,1
3.2:1440,3.2,1440,1
3.1:1440,3.1,1440,2
3.0:1440,3,1440,2
2.9:1440,2.9,1440,2
2.8:1440,2.8,1440,2
2.7:1440,2.7,1440,2
2.6:1440,2.6,1440,2
2.5:1440,2.5,1440,2
2.4:1440,2.4,1440,5
2.3:1440,2.3,1440,5
2.2:1440,2.2,1440,5
2.1:1440,2.1,1440,5
2.0:1440,2,1440,5
1.9:1440,1.9,1440,6
1.8:1440,1.8,1440,6
1.7:1440,1.7,1440,6
1.6:1440,1.6,1440,6
1.5:1440,1.5,1440,6
4.3:1450,4.3,1450,1
4.2:1450,4.2,1450,1
4.1:1450,4.1,1450,1
4.0:1450,4,1450,1
3.9:1450,3.9,1450,1
3.8:1450,3.8,1450,1
3.7:1450,3.7,1450,1
3.6:1450,3.6,1450,1
3.5:1450,3.5,1450,1
3.4:1450,3.4,1450,1
3.3:1450,3.3,1450,1
3.2:1450,3.2,1450,1
3.1:1450,3.1,1450,1
3.0:1450,3,1450,1
2.9:1450,2.9,1450,2
2.8:1450,2.8,1450,2
2.7:1450,2.7,1450,2
2.6:1450,2.6,1450,2
2.5:1450,2.5,1450,2
2.4:1450,2.4,1450,2
2.3:1450,2.3,1450,5
2.2:1450,2.2,1450,5
2.1:1450,2.1,1450,5
2.0:1450,2,1450,5
1.9:1450,1.9,1450,6
1.8:1450,1.8,1450,6
1.7:1450,1.7,1450,6
1.6:1450,1.6,1450,6
1.5:1450,1.5,1450,6
4.3:1460,4.3,1460,1
4.2:1460,4.2,1460,1
4.1:1460,4.1,1460,1
4.0:1460,4,1460,1
3.9:1460,3.9,1460,1
3.8:1460,3.8,1460,1
3.7:1460,3.7,1460,1
3.6:1460,3.6,1460,1
3.5:1460,3.5,1460,1
3.4:1460,3.4,1460,1
3.3:1460,3.3,1460,1
3.2:1460,3.2,1460,1
3.1:1460,3.1,1460,1
3.0:1460,3,1460,1
2.9:1460,2.9,1460,2
2.8:1460,2.8,1460,2
2.7:1460,2.7,1460,2
2.6:1460,2.6,1460,2
2.5:1460,2.5,1460,2
2.4:1460,2.4,1460,2
2.3:1460,2.3,1460,5
2.2:1460,2.2,1460,5
2.1:1460,2.1,1460,5
2.0:1460,2,1460,5
1.9:1460,1.9,1460,6
1.8:1460,1.8,1460,6
1.7:1460,1.7,1460,6
1.6:1460,1.6,1460,6
1.5:1460,1.5,1460,6
4.3:1470,4.3,1470,1
4.2:1470,4.2,1470,1
4.1:1470,4.1,1470,1
4.0:1470,4,1470,1
3.9:1470,3.9,1470,1
3.8:1470,3.8,1470,1
3.7:1470,3.7,1470,1
3.6:1470,3.6,1470,1
3.5:1470,3.5,1470,1
3.4:1470,3.4,1470,1
3.3:1470,3.3,1470,1
3.2:1470,3.2,1470,1
3.1:1470,3.1,1470,1
3.0:1470,3,1470,1
2.9:1470,2.9,1470,2
2.8:1470,2.8,1470,2
2.7:1470,2.7,1470,2
2.6:1470,2.6,1470,2
2.5:1470,2.5,1470,2
2.4:1470,2.4,1470,2
2.3:1470,2.3,1470,5
2.2:1470,2.2,1470,5
2.1:1470,2.1,1470,5
2.0:1470,2,1470,5
1.9:1470,1.9,1470,6
1.8:1470,1.8,1470,6
1.7:1470,1.7,1470,6
1.6:1470,1.6,1470,6
1.5:1470,1.5,1470,6
4.3:1480,4.3,1480,1
4.2:1480,4.2,1480,1
4.1:1480,4.1,1480,1
4.0:1480,4,1480,1
3.9:1480,3.9,1480,1
3.8:1480,3.8,1480,1
3.7:1480,3.7,1480,1
3.6:1480,3.6,1480,1
3.5:1480,3.5,1480,1
3.4:1480,3.4,1480,1
3.3:1480,3.3,1480,1
3.2:1480,3.2,1480,1
3.1:1480,3.1,1480,1
3.0:1480,3,1480,1
2.9:1480,2.9,1480,2
2.8:1480,2.8,1480,2
2.7:1480,2.7,1480,2
2.6:1480,2.6,1480,2
2.5:1480,2.5,1480,2
2.4:1480,2.4,1480,2
2.3:1480,2.3,1480,5
2.2:1480,2.2,1480,5
2.1:1480,2.1,1480,5
2.0:1480,2,1480,5
1.9:1480,1.9,1480,6
1.8:1480,1.8,1480,6
1.7:1480,1.7,1480,6
1.6:1480,1.6,1480,6
1.5:1480,1.5,1480,6
4.3:1490,4.3,1490,1
4.2:1490,4.2,1490,1
4.1:1490,4.1,1490,1
4.0:1490,4,1490,1
3.9:1490,3.9,1490,1
3.8:1490,3.8,1490,1
3.7:1490,3.7,1490,1
3.6:1490,3.6,1490,1
3.5:1490,3.5,1490,1
3.4:1490,3.4,1490,1
3.3:1490,3.3,1490,1
3.2:1490,3.2,1490,1
3.1:1490,3.1,1490,1
3.0:1490,3,1490,1
2.9:1490,2.9,1490,1
2.8:1490,2.8,1490,1
2.7:1490,2.7,1490,2
2.6:1490,2.6,1490,2
2.5:1490,2.5,1490,2
2.4:1490,2.4,1490,2
2.3:1490,2.3,1490,2
2.2:1490,2.2,1490,5
2.1:1490,2.1,1490,5
2.0:1490,2,1490,5
1.9:1490,1.9,1490,5
1.8:1490,1.8,1490,6
1.7:1490,1.7,1490,6
1.6:1490,1.6,1490,6
1.5:1490,1.5,1490,6
4.3:1500,4.3,1500,1
4.2:1500,4.2,1500,1
4.1:1500,4.1,1500,1
4.0:1500,4,1500,1
3.9:1500,3.9,1500,1
3.8:1500,3.8,1500,1
3.7:1500,3.7,1500,1
3.6:1500,3.6,1500,1
3.5:1500,3.5,1500,1
3.4:1500,3.4,1500,1
3.3:1500,3.3,1500,1
3.2:1500,3.2,1500,1
3.1:1500,3.1,1500,1
3.0:1500,3,1500,1
2.9:1500,2.9,1500,1
2.8:1500,2.8,1500,1
2.7:1500,2.7,1500,2
2.6:1500,2.6,1500,2
2.5:1500,2.5,1500,2
2.4:1500,2.4,1500,2
2.3:1500,2.3,1500,2
2.2:1500,2.2,1500,5
2.1:1500,2.1,1500,5
2.0:1500,2,1500,5
1.9:1500,1.9,1500,5
1.8:1500,1.8,1500,6
1.7:1500,1.7,1500,6
1.6:1500,1.6,1500,6
1.5:1500,1.5,1500,6
4.3:1510,4.3,1510,1
4.2:1510,4.2,1510,1
4.1:1510,4.1,1510,1
4.0:1510,4,1510,1
3.9:1510,3.9,1510,1
3.8:1510,3.8,1510,1
3.7:1510,3.7,1510,1
3.6:1510,3.6,1510,1
3.5:1510,3.5,1510,1
3.4:1510,3.4,1510,1
3.3:1510,3.3,1510,1
3.2:1510,3.2,1510,1
3.1:1510,3.1,1510,1
3.0:1510,3,1510,1
2.9:1510,2.9,1510,1
2.8:1510,2.8,1510,1
2.7:1510,2.7,1510,2
2.6:1510,2.6,1510,2
2.5:1510,2.5,1510,2
2.4:1510,2.4,1510,2
2.3:1510,2.3,1510,2
2.2:1510,2.2,1510,5
2.1:1510,2.1,1510,5
2.0:1510,2,1510,5
1.9:1510,1.9,1510,5
1.8:1510,1.8,1510,6
1.7:1510,1.7,1510,6
1.6:1510,1.6,1510,6
1.5:1510,1.5,1510,6
4.3:1520,4.3,1520,1
4.2:1520,4.2,1520,1
4.1:1520,4.1,1520,1
4.0:1520,4,1520,1
3.9:1520,3.9,1520,1
3.8:1520,3.8,1520,1
3.7:1520,3.7,1520,1
3.6:1520,3.6,1520,1
3.5:1520,3.5,1520,1
3.4:1520,3.4,1520,1
3.3:1520,3.3,1520,1
3.2:1520,3.2,1520,1
3.1:1520,3.1,1520,1
3.0:1520,3,1520,1
2.9:1520,2.9,1520,1
2.8:1520,2.8,1520,1
2.7:1520,2.7,1520,2
2.6:1520,2.6,1520,2
2.5:1520,2.5,1520,2
2.4:1520,2.4,1520,2
2.3:1520,2.3,1520,2
2.2:1520,2.2,1520,5
2.1:1520,2.1,1520,5
2.0:1520,2,1520,5
1.9:1520,1.9,1520,5
1.8:1520,1.8,1520,6
1.7:1520,1.7,1520,6
1.6:1520,1.6,1520,6
1.5:1520,1.5,1520,6
4.3:1530,4.3,1530,1
4.2:1530,4.2,1530,1
4.1:1530,4.1,1530,1
4.0:1530,4,1530,1
3.9:1530,3.9,1530,1
3.8:1530,3.8,1530,1
3.7:1530,3.7,1530,1
3.6:1530,3.6,1530,1
3.5:1530,3.5,1530,1
3.4:1530,3.4,1530,1
3.3:1530,3.3,1530,1
3.2:1530,3.2,1530,1
3.1:1530,3.1,1530,1
3.0:1530,3,1530,1
2.9:1530,2.9,1530,1
2.8:1530,2.8,1530,1
2.7:1530,2.7,1530,1
2.6:1530,2.6,1530,1
2.5:1530,2.5,1530,2
2.4:1530,2.4,1530,2
2.3:1530,2.3,1530,2
2.2:1530,2.2,1530,5
2.1:1530,2.1,1530,5
2.0:1530,2,1530,5
1.9:1530,1.9,1530,5
1.8:1530,1.8,1530,5
1.7:1530,1.7,1530,6
1.6:1530,1.6,1530,6
1.5:1530,1.5,1530,6
4.3:1540,4.3,1540,1
4.2:1540,4.2,1540,1
4.1:1540,4.1,1540,1
4.0:1540,4,1540,1
3.9:1540,3.9,1540,1
3.8:1540,3.8,1540,1
3.7:1540,3.7,1540,1
3.6:1540,3.6,1540,1
3.5:1540,3.5,1540,1
3.4:1540,3.4,1540,1
3.3:1540,3.3,1540,1
3.2:1540,3.2,1540,1
3.1:1540,3.1,1540,1
3.0:1540,3,1540,1
2.9:1540,2.9,1540,1
2.8:1540,2.8,1540,1
2.7:1540,2.7,1540,1
2.6:1540,2.6,1540,1
2.5:1540,2.5,1540,2
2.4:1540,2.4,1540,2
2.3:1540,2.3,1540,2
2.2:1540,2.2,1540,5
2.1:1540,2.1,1540,5
2.0:1540,2,1540,5
1.9:1540,1.9,1540,5
1.8:1540,1.8,1540,5
1.7:1540,1.7,1540,6
1.6:1540,1.6,1540,6
1.5:1540,1.5,1540,6
4.3:1550,4.3,1550,1
4.2:1550,4.2,1550,1
4.1:1550,4.1,1550,1
4.0:1550,4,1550,1
3.9:1550,3.9,1550,1
3.8:1550,3.8,1550,1
3.7:1550,3.7,1550,1
3.6:1550,3.6,1550,1
3.5:1550,3.5,1550,1
3.4:1550,3.4,1550,1
3.3:1550,3.3,1550,1
3.2:1550,3.2,1550,1
3.1:1550,3.1,1550,1
3.0:1550,3,1550,1
2.9:1550,2.9,1550,1
2.8:1550,2.8,1550,1
2.7:1550,2.7,1550,1
2.6:1550,2.6,1550,1
2.5:1550,2.5,1550,2
2.4:1550,2.4,1550,2
2.3:1550,2.3,1550,2
2.2:1550,2.2,1550,5
2.1:1550,2.1,1550,5
2.0:1550,2,1550,5
1.9:1550,1.9,1550,5
1.8:1550,1.8,1550,5
1.7:1550,1.7,1550,6
1.6:1550,1.6,1550,6
1.5:1550,1.5,1550,6
4.3:1560,4.3,1560,1
4.2:1560,4.2,1560,1
4.1:1560,4.1,1560,1
4.0:1560,4,1560,1
3.9:1560,3.9,1560,1
3.8:1560,3.8,1560,1
3.7:1560,3.7,1560,1
3.6:1560,3.6,1560,1
3.5:1560,3.5,1560,1
3.4:1560,3.4,1560,1
3.3:1560,3.3,1560,1
3.2:1560,3.2,1560,1
3.1:1560,3.1,1560,1
3.0:1560,3,1560,1
2.9:1560,2.9,1560,1
2.8:1560,2.8,1560,1
2.7:1560,2.7,1560,1
2.6:1560,2.6,1560,1
2.5:1560,2.5,1560,2
2.4:1560,2.4,1560,2
2.3:1560,2.3,1560,2
2.2:1560,2.2,1560,5
2.1:1560,2.1,1560,5
2.0:1560,2,1560,5
1.9:1560,1.9,1560,5
1.8:1560,1.8,1560,5
1.7:1560,1.7,1560,6
1.6:1560,1.6,1560,6
1.5:1560,1.5,1560,6
4.3:1570,4.3,1570,1
4.2:1570,4.2,1570,1
4.1:1570,4.1,1570,1
4.0:1570,4,1570,1
3.9:1570,3.9,1570,1
3.8:1570,3.8,1570,1
3.7:1570,3.7,1570,1
3.6:1570,3.6,1570,1
3.5:1570,3.5,1570,1
3.4:1570,3.4,1570,1
3.3:1570,3.3,1570,1
3.2:1570,3.2,1570,1
3.1:1570,3.1,1570,1
3.0:1570,3,1570,1
2.9:1570,2.9,1570,1
2.8:1570,2.8,1570,1
2.7:1570,2.7,1570,1
2.6:1570,2.6,1570,1
2.5:1570,2.5,1570,1
2.4:1570,2.4,1570,1
2.3:1570,2.3,1570,1
2.2:1570,2.2,1570,2
2.1:1570,2.1,1570,5
2.0:1570,2,1570,5
1.9:1570,1.9,1570,5
1.8:1570,1.8,1570,5
1.7:1570,1.7,1570,5
1.6:1570,1.6,1570,6
1.5:1570,1.5,1570,6
4.3:1580,4.3,1580,1
4.2:1580,4.2,1580,1
4.1:1580,4.1,1580,1
4.0:1580,4,1580,1
3.9:1580,3.9,1580,1
3.8:1580,3.8,1580,1
3.7:1580,3.7,1580,1
3.6:1580,3.6,1580,1
3.5:1580,3.5,1580,1
3.4:1580,3.4,1580,1
3.3:1580,3.3,1580,1
3.2:1580,3.2,1580,1
3.1:1580,3.1,1580,1
3.0:1580,3,1580,1
2.9:1580,2.9,1580,1
2.8:1580,2.8,1580,1
2.7:1580,2.7,1580,1
2.6:1580,2.6,1580,1
2.5:1580,2.5,1580,1
2.4:1580,2.4,1580,1
2.3:1580,2.3,1580,1
2.2:1580,2.2,1580,2
2.1:1580,2.1,1580,5
2.0:1580,2,1580,5
1.9:1580,1.9,1580,5
1.8:1580,1.8,1580,5
1.7:1580,1.7,1580,5
1.6:1580,1.6,1580,6
1.5:1580,1.5,1580,6
4.3:1590,4.3,1590,1
4.2:1590,4.2,1590,1
4.1:1590,4.1,1590,1
4.0:1590,4,1590,1
3.9:1590,3.9,1590,1
3.8:1590,3.8,1590,1
3.7:1590,3.7,1590,1
3.6:1590,3.6,1590,1
3.5:1590,3.5,1590,1
3.4:1590,3.4,1590,1
3.3:1590,3.3,1590,1
3.2:1590,3.2,1590,1
3.1:1590,3.1,1590,1
3.0:1590,3,1590,1
2.9:1590,2.9,1590,1
2.8:1590,2.8,1590,1
2.7:1590,2.7,1590,1
2.6:1590,2.6,1590,1
2.5:1590,2.5,1590,1
2.4:1590,2.4,1590,1
2.3:1590,2.3,1590,1
2.2:1590,2.2,1590,2
2.1:1590,2.1,1590,5
2.0:1590,2,1590,5
1.9:1590,1.9,1590,5
1.8:1590,1.8,1590,5
1.7:1590,1.7,1590,5
1.6:1590,1.6,1590,6
1.5:1590,1.5,1590,6
4.3:1600,4.3,1600,1
4.2:1600,4.2,1600,1
4.1:1600,4.1,1600,1
4.0:1600,4,1600,1
3.9:1600,3.9,1600,1
3.8:1600,3.8,1600,1
3.7:1600,3.7,1600,1
3.6:1600,3.6,1600,1
3.5:1600,3.5,1600,1
3.4:1600,3.4,1600,1
3.3:1600,3.3,1600,1
3.2:1600,3.2,1600,1
3.1:1600,3.1,1600,1
3.0:1600,3,1600,1
2.9:1600,2.9,1600,1
2.8:1600,2.8,1600,1
2.7:1600,2.7,1600,1
2.6:1600,2.6,1600,1
2.5:1600,2.5,1600,1
2.4:1600,2.4,1600,1
2.3:1600,2.3,1600,1
2.2:1600,2.2,1600,2
2.1:1600,2.1,1600,5
2.0:1600,2,1600,5
1.9:1600,1.9,1600,5
1.8:1600,1.8,1600,5
1.7:1600,1.7,1600,5
1.6:1600,1.6,1600,6
1.5:1600,1.5,1600,6
